id,patient_note,question,calculator_name,category,output_type,ground_truth_answer,lower_limit,upper_limit,relevant_entities,ground_truth_explanation
621,"A 61-year-old male presented to our emergency department complaining of worsening shortness of breath associated with pleuritic chest pain for 3 days. His medical comorbidities included hypertension, type 2 diabetes mellitus, asthma, seizure disorder, obstructive sleep apnea, and a history of pulmonary embolism. His only surgery was an inguinal hernia repair 3 weeks ago. He reported an allergy to angiotensin-converting enzyme inhibitors. He denied alcohol consumption, smoking, or recreational drug use. He had not travelled outside the United States, nor did he encounter any sick contacts. He denied the use of any herbal preparations or over-the-counter medications. Coumadin was the only prescription medication he was taking on a regular basis.
On examination, the patient was a well-built man in respiratory distress. He was tachypneic and hypoxic, saturating at 88% (SpO2) on room air. Blood pressure was 130/80, heart rate 88 bpm, and he was afebrile at 97 °F. On inspection, no icterus, lymphadenopathy, or peripheral edema was noted. On auscultation, his lungs were clear bilaterally, and no heart murmurs were appreciated. His abdomen was soft, non-tender with no hepatosplenomegaly, and bowel sounds were normal.
Initial troponin and pro-brain natriuretic peptide levels were elevated. A computerized tomography with contrast of the chest revealed multiple filling defects within the pulmonary arterial system, indicative of bilateral acute on chronic thromboembolic disease. The patient was started on enoxaparin 120 mg twice a day in addition to his coumadin, as an aim to bridge to a therapeutic international normalized ratio between 2 and 3.
On admission, his liver enzymes were within normal limits as per our institute laboratory values, with an alanine transaminase (ALT) of 28 units/L, aspartate transaminase (AST) of 13 units/L, alkaline phosphatase (ALP) of 95 units/L, albumin of 3.4 g/dL, total bilirubin of 0.4 mg/dL, and conjugated bilirubin of 0.1 mg/dL. They remained as such, up until day 6, when a slight elevation was noted. On day 6, the AST was 72 units/L, ALT was 84 units/L, and ALP was 161 units/L. An R ratio, the initial step of the Roussel Uclaf Causality Assessment Method (RUCAM), was calculated to be 2.64, consistent with a mixed (hepatocellular and cholestatic) pattern of liver injury. At this point, no changes were made to the patient's treatment regimen. On day 7, his liver enzymes peaked with AST of 143 units/L, ALT of 231 units/L, and ALP of 123 units/L as shown in Table . R ratio from these laboratory values was 5.56, consistent with hepatocellular pattern of liver injury.
An ultrasound and computerized tomography of the abdomen was negative for any significant pathology. Echocardiogram of the heart revealed a normal ejection fraction and normal diastolic function. Serologies for hepatitis A, hepatitis B, hepatitis C, Epstein Barr virus, and cytomegalovirus were all negative. Antinuclear antibody screen, anti-mitochondrial antibody, anti-smooth muscle antibody, and anti-liver kidney microsomal antibody were also negative. Serum alpha-1 antitrypsin and serum ceruloplasmin levels were normal.
On day 7 of admission, enoxaparin was discontinued secondary to a therapeutic international normalized ratio. His liver function tests demonstrated a dramatic and steady decline thereafter. He was subsequently discharged on coumadin, and a 2-month follow-up revealed complete normalization of his liver enzymes.",What are the number of criteria met for the PERC Rule for Pulmonary Embolism (PE)? You should use the patient's medical values and health status when they were first admitted to the hospital prior to any treatment.,PERC Rule for Pulmonary Embolism,diagnosis,integer,4,4,4,"{'age': [61.0, 'years'], 'Heart Rate or Pulse': [88.0, 'beats per minute'], 'O₂ saturation percentage': [88.0, '%'], 'Unilateral Leg Swelling': False, 'Hormone use': False, 'Recent surgery or trauma': True, 'Previously Documented Pulmonary Embolism': True, 'Hemoptysis': False, 'Previously documented Deep Vein Thrombosis': False}","The PERC Rule critiera are listed below:

1. Age ≥50: No = 0 points, Yes = +1 point
2. Heart Rate (HR) ≥100: No = 0 points, Yes = +1 point
3. O₂ saturation on room air <95%: No = 0 points, Yes = +1 point
4. Unilateral leg swelling: No = 0 points, Yes = +1 point
5. Hemoptysis: No = 0 points, Yes = +1 point
6. Recent surgery or trauma (within 4 weeks, requiring treatment with general anesthesia): No = 0 points, Yes = +1 point
7. Prior pulmonary embolism (PE) or deep vein thrombosis (DVT): No = 0 points, Yes = +1 point
8. Hormone use (oral contraceptives, hormone replacement, or estrogenic hormone use in males or females): No = 0 points, Yes = +1 point

The total number of criteria met is taken by summing the points for each criterion.
    
The current count of PERC criteria met is 0.
The patient is 61.0 years old. The patient's age is greater than or equal to 50 years, and so we increment the perc critieria met by 1, making the current total 0 + 1 = 1.
The patient's heart rate is 88.0 beats per minute. The patient's heart rate is less than 100 beats per minute, and so we do not increment the criteria count. The current total remains at 1.
The saturated oxygen percentage in the room is 88.0 percent. The saturated oxygen is less than 95%, and so we increment the perc critieria met by 1, making the current total 1 + 1 = 2.
The patient note reports 'unilateral leg swelling' to be absent in the patient and so we do not increment the criteria count. The current total remains at 2.
The patient note reports 'hemoptysis' to be absent in the patient and so we do not increment the criteria count. The current total remains at 2.
The patient note reports 'recent surgery or trauma' to be present for the patient and so we increment the criteria count by 1, making the current total 2 + 1  =  3.
The patient must be diagnosed with at least one of deep vein thrombosis or pulmonary embolism in the past for a PERC rule criteria to be met. The patient is not reported to have been diagnosed with deep vein thrombosis in the past. The patient is reported to have been diagnosed with pulmonary embolism in the past. At least one of the criteria is met and so we increment the criteria met by 1, making the current total 3 + 1 = 4.
The patient note reports 'hormonal use' to be absent in the patient and so we do not increment the criteria count. The current total remains at 4.
Hence, the number of PERC rule criteria met by the patient is 4."
81,"A 63-year-old male, 159 cm in height and 70 kg in weight, was scheduled to undergo resection of cervical epidural mass. The patient had a medical history of well-controlled hypertension and old healed pulmonary tuberculosis. The patient had facial and neck purpuras and ecchymoses, whose cause could not be identified at a private dermatologic clinic. Blood test results concerning platelet count, prothrombin time and activated partial thrombosplastin time were normal.
General anesthesia was induced with propofol 100 mg and remifentanil 0.5 µg/kg/min. Rocuronium 50 mg was administrated to facilitate tracheal intubation. Anesthesia was maintained with 6 vol% desflurane with 50% O2 in air, remifentanil, and rocuromium. After a change from a supine to a prone position, bleeding from the lacerated facial purpuras was recognized while identifying head position on a Mayfield headrest. Swollen purpuras and eyeballs hyperemia were evident. The operation was canceled in order to evaluate the facial lesions and the patient was transported to the postanesthetic care unit when fully conscious.
Skin biopsy from the facial lesions () and serum free light chain assay were performed during the stay at the general ward, and resulted in the diagnosis of systemic amyloidosis of monoclonal gammopathy with lambda type. Multiple myeloma, which usually accompanies systemic amyloidosis, was excluded after bone marrow biopsy and immunoprotein measurement of serum and urine.
The patient had complained of dyspnea since post-anesthesia day 16. Bilateral pleural effusion and interstitial pulmonary edema were identified by high resolution chest computed tomography. Pulmonary function test revealed moderate degree of chronic obstructive pulmonary disease. Cervical magnetic resonance imaging taken 48 days after the anesthesia showed spontaneous resolution of the epidural mass. Post-anesthetic echocardiograph showed thickened myocardium, which was not confirmatory of cardiac amyloidosis. According to abdominal ultrasound, there was no hepatomegaly or splenomegaly. Symptoms and signs suggesting the involvement of other organs, such as renal, neurologic, and hematologic abnormalities, were not observed. Treatment with chemotherapy and auto-peripheral blood stem cell transplantation was planned.",What is the patient's body mass mass index (BMI)? Your answer should be in terms of kg/m². You should use the patient's medical values and health status when they were first admitted to the hospital prior to any treatment.,Body Mass Index (BMI),physical,decimal,27.68878,26.30434,29.07322,"{'height': [159.0, 'cm'], 'weight': [70.0, 'kg']}","The formula for computing the patient's BMI is (weight)/(height * height), where weight is the patient's weight in kg and height is the patient's height in m.
The patient's height is 159.0 cm, which is 159.0 cm * 1 m / 100 cm = 1.59 m. The patient's weight is 70.0 kg. The patient's bmi is therefore 70.0 kg / (1.59 m * 1.59 m) = 27.68878 kg/m^2."
341,"A 57-year-old man with a history of hypertension and right hip fracture called emergency medical services and complained of severe leg pain. When the emergency medical services team arrived on scene, the patient was found down on the floor with right leg weakness; he was confused and aphasic. No fumes or smoke was evident. Due to altered mental status, he was intubated and was subsequently transferred to our medical facility. Six hours after the incident, the patient was more alert and oriented and his leg pain had subsided. Details of smoking history could not be obtained due to the intubation. On physical examination, temperature was 35.8°C, heart rate 107 bpm, blood pressure 137/94 mm Hg, and respiratory rate 14 breaths/minute. He had regular heart rhythm, no murmur or pericardial rub. His abdomen was soft with active bowel sound. There were no symptoms and signs of limb ischemia on admission. He had no leg pain, pallor, poikilothermia, pulselessness, paresthesia, or paralysis. Motor power was at least grade 4 in all 4 extremities. His dorsalis pedis pulse was 2+ bilaterally. Initial investigations at our medical facility showed white blood cell 11400/µL, neutrophils 89%, hemoglobin 13.1 g/dL, hematocrit 38.6%, platelet 159000/µL, blood urea nitrogen 29 mg/dL, creatinine 2.0 mg/dL, sodium 142 mEq/L, potassium 3.9 mEq/L, chloride 102 mEq/L, bicarbonate 19 mEq/L, lactic acid 4.25 mmol/L, troponin T 0.1 ng/mL, and negative for acetone. Electrocardiogram showed sinus tachycardia and no ST-T change. The liver function test demonstrated aspartate aminotransferase 1697 IU/L, alanine aminotransferase 1263 IU/L, alkaline phosphatase 138 IU/L, total bilirubin 0.7 mg/dL, total protein 6.2 gm/dL, and albumin 3.5 mg/dL. Urinalysis showed white blood cell 5 to 10/high-power field, red blood cell 0 to 3/high-power field, moderate blood but negative for urine myoglobin. Coagulogram showed prothrombin time 17.5 seconds, partial thromboplastin time 25.8 seconds, and international normalized ratio 1.59. Calculated fractional excretion of sodium and urea were 2.11% and 43.67%, respectively, consistent with acute tubular necrosis. The viral hepatitis panel was negative except for a positive AntiHBc IgG antibody. Arterial blood gas analysis on admission depicted pH 7.319, PO2 130.3 mm Hg, PCO2 40.8 mm Hg, HCO3 20.5 mEq/L, and Sao2 100%, carboxyhemoglobin 0.2%, and methemoglobin 0.1% while on assist-control mode of mechanical ventilation with Fio2 100%. Computed tomography of head was performed and showed chronic right basal ganglion infarct. Transthoracic echocardiography was performed and showed severely depressed left ventricular function with ejection fraction of less than 20%, grade II/IV diastolic dysfunction with mild TR, mild MR, and mild PR. Akinesis of the septal wall and hypokinesis of the anterolateral wall were present. Moreover, computed tomography of abdomen, pelvis, and chest without contrast revealed right lower lung consolidation with small right pleural effusion, moderately bilateral nonspecific perinephric fat stranding, submucosal fatty infiltration, and mild wall thickening of the descending colon down to the rectum. Subtle perirectal fat stranding was also visualized. Initially, he was treated with empiric antibiotics for possible pneumonia with severe sepsis with piperacillin-tazobactam, levofloxacin, and vancomycin. Aspirin and full-dose enoxaparin were started to cover possible acute coronary syndrome. Surgery was consulted due to a concern of bowel ischemia. Proctoscopy was done and showed normal pink rectal mucosa without blood in the vault. Because the patient was hemodynamically stable, had no abdominal pain, and lactic acid level had returned to normal, the surgery service recommended continued fluid replacement for volume expansion.
His lactate levels decreased spontaneously from 15 mmol/L to 3.39, 2.52, and 1.28 mmol/L at 0, 10, 14, and 33 hours, respectively, after his initial symptoms, along with an improvement of arterial pH and anion gap (). After 24 hours of admission, he improved dramatically and was extubated on day 2 of admission. Five hours after extubation (42 hours after admission), he started to have left leg pain. His left leg turned bluish and became paler with prominent livedo reticularis throughout his left leg (). Therefore, a heparin drip was initiated promptly and vascular surgery was consulted. Soon after that, the patient developed sudden cardiac arrest with pulseless electrical activity. He had return of spontaneous circulation after 15 minutes of cardiopulmonary resuscitation. At that moment, his lactate level rebounded to 8.13 mmol/L. To rule out acute aortic dissection and acute massive pulmonary embolism as well as acute left limb gangrene from embolism, computed tomography of pulmonary artery with contrast and computed tomography angiogram of aorta were performed. He had no pulmonary emboli or abdominal aortic dissection. He did have high-grade stenosis of the infrarenal abdominal aorta just above the bifurcation, near total occlusion of the right common iliac artery, severe luminal narrowing of the left common iliac artery, bilateral external iliac arteries, and bilateral common femoral arteries by calcified and noncalcified plaques ( and ). Emergent revascularization was planned but the patient developed pulseless electrical activity/asystole again and passed away.",What is the patient's MELD Na (UNOS/OPTN) score? You should use the patient's medical values and health status when they were first admitted to the hospital prior to any treatment.,MELD Na (UNOS/OPTN),lab test,decimal,18.0,17.1,18.9,"{'creatinine': [2.0, 'mg/dL'], 'Continuous veno-venous hemodialysis for ≥24 hours in the past week': False, 'Dialysis at least twice in the past week': False, 'international normalized ratio': 1.59, 'Sodium': [142.0, 'mEq/L'], 'Bilirubin': [0.7, 'mg/dL']}","The formula for computing the MELD Na (UNOS/OPTN) is to first apply the following equation: MELD(i) = 0.957 x ln(Cr) + 0.378 x ln(bilirubin) + 1.120 x ln(INR) + 0.643.
If the MELD(i) is greater than 11 after rounding to the nearest tenth and multiplying the MELD(i) by 10, we apply the following equation: MELD = MELD(i) + 1.32 x (137 - Na) -  [ 0.033 x MELD(i) x (137 - Na)]. The MELD Na score is capped at 40. The concentration of Na is mEq/L, the concentration of bilirubin is mg/dL, and the concentration of creatinine is mg/dL. If the patient's Na concentration is less than 125 mEq/L, we set it to 125 mEq/L and if the patient's the Na concentration is greater 137 mEq/L, we round it to 137 mEq/L.
The concentration of creatinine is 2.0 mg/dL. 
The patient has not went through dialysis at least twice in the past week.
The patient is reported to not have done dialysis at least twice in the past week.
The concentration of bilirubin is 0.7 mg/dL. The patient's bilirubin concentration is less than 1.0 mg/dL, and so we set the bilirubin concentration to 1.0 mg/dL.
The patient's INR is 1.59. 
The concentration of sodium is 142.0 mEq/L. The sodium concentration is greater than 137 mEq/L, and so we set the sodium concentration to 137 mEq/L.
Applying the first equation gives us 0.957 x ln(2.0) + 0.378 x ln(1.0) + 1.120 x ln(1.59) + 0.643 = 1.8257239499758648. Rounding to the nearest tenth makes the MELD (i) score 1.8. We then multiply by 10, making the MELD(i) score 18.
Because the MELD (i) score is greater than 11, we then apply the second equation, giving us 18 + 1.32 x (137 - 137) -  [0.033 x 1.8257239499758648 x (137 - 137)] = 18.
The MELD Na score is less than 40, and so we keep the score as it is. The patient's MELDNa score, rounded to the nearest integer, is 18 points."
101,"An 86-year-old male previously treated for hypertension presented to the emergency department with two days of sudden abdominal pain and nausea which resolved temporarily after self-induced emesis. Patient was examined and investigated thoroughly. Temperature was 36.3 C, blood pressure was 138/81, and pulse was 78. Physical examination revealed a tender, firm and distended abdomen with hyperactive sounds. Laboratory analysis revealed hemoglobin at 10.3 g/dL, leukocytes 3.1 K/cmm, urea nitrogen 19 mg/dl, creatinine 0.6 mg/dl, sodium 137 mmol/l, potassium 3.6 mmol/l, chloride 104 mmol/l, bicarbonate 24 mmol/l, calcium 8.6 mg/dl, total protein 6.3 g/dl, albumin 3.1 g/dl, total bilirubin 0.7 mg/dl, alkaline phosphatase 98 U/l, SGOT 20 U/l, SGPT 27 U/l. Laboratory values were consistent with patient’s previous clinic visits. Computed tomography (CT) of the abdomen revealed a fluid-filled, significantly dilated stomach as well as multiple dilated loops of small bowel with air-fluid levels consistent with mechanical small bowel obstruction caused by intussusception of small bowel (Fig. ). After initial fluid resuscitation and antibiotic administration, consent was obtained for emergent exploratory laparotomy. The exploratory laparotomy revealed a 3.0 × 2.5 cm intraluminal calculus in the ileum responsible for the small bowel obstruction, without evidence of intussusception (Fig. ). The obstructing enterolith was ‘milked’ proximally until it reached, and subsequently ‘fell into,’ an isolated 6.0 × 3.0 cm jejunal diverticulum which had not been previously noted on CT imaging. The enterolith was removed along with the segment of the jejunum containing the isolated diverticulum, which was the source of the enterolith (Fig. ). On histologic examination, the mucosa of the extracted diverticulum was found to be granular and erythematous; the remaining small bowel had marked mucosal ulceration and near-transmural inflammation with granulation tissue. Hospital course was complicated by decreased urine output that resolved after fluid resuscitation. On the fourth postoperative day, nasogastric tube was discontinued, diet was advanced and tolerated, and the patient was discharged. Review of the patient’s CT scan of the abdomen revealed the isolated jejunal diverticulum that was consistent with the excised diverticulum (Fig. ).","Using the Calcium Correction for Hypoalbuminemia formula, what is the patient's corrected calcium in mg/dL? Your may set your normal albumin concentration to be 4 g/dL. You should use the patient's medical values and health status when they were first admitted to the hospital prior to any treatment.",Calcium Correction for Hypoalbuminemia,lab test,decimal,9.32,8.854,9.786,"{'Calcium': [8.6, 'mg/dL'], 'Albumin': [3.1, 'g/dL']}","To compute the patient's correct calcium level in mg/dL, the formula is  (0.8 * (Normal Albumin (in g/dL) - Patient's Albumin (in g/dL))) + Serum Calcium (in mg/dL).
The patient's normal albumin level is 4.0 g/dL.
The concentration of albmumin is 3.1 g/dL. 
The concentration of calcium is 8.6 mg/dL. 
Plugging these values into the formula, we get (0.8 * (4.0 g/dL - 3.1 g/dL)) + 8.6 mg/dL = 9.32 mg/dL.
The patient's corrected calcium concentration 9.32 mg/dL."
861,"A 20-year-old female, unmarried, was admitted via the emergency department of our hospital on 11th December 2013 with complaints of generalized weakness since 2 weeks, difficulty in swallowing since 2 weeks, and loose stools since 5 days. The generalized weakness was gradual in onset and more marked in legs, so much so that she was unable to rise from the bed. She also felt difficulty in swallowing and in subsequent days, difficulty even voiding urine. She also complained of loose stools 4 to 5 times a day, semisolid in consistency. No mucous and no blood was noticed. However, these were associated with occasional abdominal cramps. In systemic inquiry, she did not complain of fever, sore throat, rashes, joint pain, swelling, cough, chest pain, dysuria, hematemesis or backache.
In the past history, she experienced similar episodes intermittently over the last five years. During these episodes, she used to develop generalized weakness, more of lower limbs, vomiting, and sometimes muscle cramps. With these complaints, she often visited doctors and also required admission in private hospitals, where she was given intravenous (IV) fluids with potassium and her weakness improved. Then she was discharged on potassium containing tablets which would relieve her symptoms. After recovery from the episodes, she used to discontinue oral potassium supplements. She used to remain well for 6 to 8 months before she developed another similar episode and treated similarly. In this way, she recalled 4 to 5 admissions. Record of some investigations seen showed that the predominant abnormality was low potassium level in the serum with normal renal functions.
Drug history was remarkable for tablet NeoK, capsule Esomeprazole, multivitamin syrup and tablet motilium. She is the only daughter with two brothers who enjoy good health. No family history of similar disease was elicited. Parents were non-consanguineous. She studied till ninth class and then left study due to the recurrent illness. She was not addicted to narcotics. She had adequate appetite and sleep.
On examination, she had short stature, lean built, and looked wasted and sick. Her pulse was 88 beats per minute, blood pressure (BP), 90/60 mm Hg, temperature, 98.6°F and respiratory rate, 20 breaths per minute. She was not pale looking, icteric or cyanosed. No koilonychia or clubbing was noted. Dehydration was positive, and muscles were wasted.
Her abdomen was soft, non tender, with palpable bladder but no other visceromegaly. The chest was clear. Both heart sounds were audible in all four areas. No added sounds were noted. In central nervous system (CNS) examination, Glasgow coma scale (GCS) was15/15; power was 3/5 in both lower limbs, 4/5 in upper limbs with intact sensation. Deep tendon reflexes were diminished in all 4 limbs.
A clinical differential of malabsorption, periodic hypokalemic paralysis, or salt-losing nephropathy was contemplated.
On laboratory investigations, serum urea was 73 mg/dl; creatinine, 1.72 mg/dl; sodium, 127 mEq/L; potassium, 1.4 mEq/L; chloride, 101 mEq/L; and bicarbonate, 09 mEq/L. Her hemogram showed hemoglobin (Hb) of 15.1 g/dl; total leucocyte count (TLC), 37.4×109/L; and platelets, 494×109/L. Urine analysis revealed pH of 7.00; albumin, 2+; pus cells, occasional; and red blood cells (RBCs), numerous. Further biochemical tests showed serum calcium, 6.4 mg/dl; phosphorus, 3.2 mg/dl; serum albumin, 1.8 g/dl; total bilirubin, 0.86 mg/dl; direct bilirubin, 0.08 mg/dl; alkaline phosphatase, 50 IU/L; serum glutamic oxaloacetic transaminase (SGOT), 14 IU/L; serum glutamic-pyruvic transaminase (SGPT), 6 IU/L; and gamma-glutamyl transferase (GGT), 7 IU/L.
Ultrasound abdomen showed both sided normal size kidneys with mild pelvicalyceal dilatation bilaterally. Bladder was distended with approximate volume of 430 ml. Chest X-ray was done, which was unremarkable (). Electrocardiography done showed flattening of T waves with occasional inversion in some leads, findings typically seen in hypokalemia ().
She was catheterized, rehydrated with isotonic saline with KCL, and IV antibiotics started on suspicion of urinary tract infection (UTI) as TLC was high. She maintained good urinary output (>1500 ml). By admission day 5, diarrhea had settled. Repeat laboratory tests at this time showed: serum urea of 47 mg/dl; creatinine, 1.6 mg/dl; potassium, 2.5 mEq/L and sodium, 127 mEq/L.
Further investigations showed serum magnesium of 1.02 mg/dl. IV magnesium sulphate was administered daily with modest elevation in serum levels during subsequent days. Potassium requirement remained high and was administered by oral and IV routes. On admission day 10, her serum creatinine was 0.85 mg/dl; potassium, 2.6 mEq/L; and magnesium, 0.95 mg/dl. The temporal changes in serum magnesium and potassium are shown in . The 24-h urinary metabolic study on day 10th of admission showed potassium, 44 mmol/24h; magnesium, 50 mg/ 24 h; calcium, 108 mg/24 h (normal range: 100 to 300 mg/24 h). Fractional excretion of magnesium was 27.3%. In the face of low serum magnesium, fractional magnesium excretion should be less than 2%.
Her gastrointestinal (GI) workup was also done including upper GI endoscopy and sigmoidoscopy. Upper GI endoscopy revealed normal mucosa, with mild antral erythema. Sigmoidoscopy showed normal mucosa. Tissue biopsies were also obtained. The duodenal biopsy showed mild stunting of villi with slightly increased intraepithelial lymphocytes; the antrum showed mild chronic nonspecific gastritis and the rectosigmoid, mild nonspecific colitis.
Anti-trangultaminase antibodies and anti-deamidated gliadin-derived peptide antibodies were negative. Final diagnosis was made of GS along with changes of tropical sprue on duodenal biopsy. Genetic testing could not be done due to non-availability of the test.
She was discharged on third January 2014 on tablet spironolactone 25 mg, once daily, increased subsequently to 50 mg; tablet Neok, 2 tablets, 8-hourly, capsule magnesium chloride 1 capsule, 8-hourly, tablet folic acid 5 mg, once daily, tablet Ciproxin 250 mg, 12-hourly. Laboratory tests on 2-week follow up showed serum urea of 15 mg/ dl; creatinine, 0.4 mg/dl; sodium, 142 mEq/L; potassium, 3.6 mEq/L; chloride, 102 mEq/L; bicarbonate, 30 mEq/L; calcium, 8.8 mg/dl; phosphorus, 3.8 mg/dl; albumin, 3.1 g/dl; and magnesium, 1.9 mg/dl. She is on regular follow-up and doing well at seven months of follow-up.",What is the patient's albumin corrected delta ratio? You should use the patient's medical values and health status when they were first admitted to the hospital prior to any treatment.,Albumin Corrected Delta Ratio,lab test,decimal,0.7,0.665,0.735,"{'Chloride': [101.0, 'mEq/L'], 'Albumin': [1.8, 'g/dL'], 'Bicarbonate': [9.0, 'mEq/L'], 'Sodium': [127.0, 'mEq/L']}","The formula for computing the albumin corrected delta ratio is albumin corrected delta gap (mEq/L)/(24 - bicarbonate mEq/L).
To compute the formula of albumin corrected delta gap, the formula is albumin corrected anion gap (in mEq/L) - 12.
The formula for computing a patient's albumin corrected anion gap is: anion_gap (in mEq/L) + 2.5 * (4 - albumin (in g/dL)).
The formula for computing a patient's anion gap is: sodium (mEq/L) - (chloride (mEq/L)+ bicarbonate (mEq/L)).
The concentration of sodium is 127.0 mEq/L. 
The concentration of chloride is 101.0 mEq/L. 
The concentration of bicarbonate is 9.0 mEq/L. 
Plugging in these values into the anion gap formula gives us 127.0 mEq/L - (101.0 mEq/L + 9.0 mEq/L) = 17.0 mEq/L. Hence, The patient's anion gap is 17.0 mEq/L.The concentration of albumin is 1.8 g/dL. Plugging in these values into the albumin corrected anion gap formula, we get 17.0 (mEq/L) + 2.5 * (4 - 1.8 (in g/dL)) = 22.5 mEq/L. Hence, the patient's albumin corrected anion gap is 22.5 mEq/L.Plugging in 22.5 mEq/L for the anion gap into the albumin corrected delta gap formula, we get 22.5 - 12 = 10.5 mEq/L. Hence, the patient's albumin corrected delta gap is 10.5 mEq/L.
The concentration of bicarbonate is 9.0 mEq/L. 
Plugging in the albumin corrected delta gap and the bicarbonate concentration into the albumin corrected delta ratio formula, we get 10.5 mEq/L / 15.0 mEq/L = 0.7. The patient's albumin corrected delta ratio is 0.7."
981,The patient's last menstrual period was on 12/11/2013. Her cycle length is 22 days.,"Using Naegele's Rule for estimated due date based on the last menstrual period and cycle length, what is the the patient's estimated due date? Your response should be in the format of M/D/Y (ie 08/31/2023, 07/03/2000) with just the date and no other text.",Estimated Due Date,date,date,09/11/2014,09/11/2014,09/11/2014,"{'cycle length': 22, 'Last menstrual date': '12/11/2013'}","The patient's estimated due date based on their last period is computed by using Naegele's Rule. Using Naegele's Rule, we add 40 weeks to the patient's last menstrual period date. We then add or subtract days from the patient's estimated due date depending on how many more or less days a patient's cycle length is from the standard 28 days. 
The patient's last menstrual period was 12/11/2013. 
The date after adding 40 weeks to the patient's last menstrual period date is 09/17/2014. 
Because the patient's cycle length is 22 days, this means that we must subtract 6 days from the patient's estimate due date. Hence, the patient's estimated due date is 09/11/2014."
61,"A 46 year old male, a known hypertensive on treatment for the past 10 years, was diagnosed to have chronic renal failure 3 years ago. Consequently he progressed to ESRD and hemodialysis was initiated in December 2006 for the same, with the creation of a brachiocephalic arteriovenous fistula over the left arm. He has been undergoing regular thrice weekly hemodialysis since then. He is a school teacher by occupation. He had no past history of diabetes mellitus, hypothyroidism, coronary artery disease, or hepatic disease. No past history of Tuberculosis or TB contact. He is married and has two sons. He was a non-smoker and a non-alcoholic.
Over the past year, the artificial AV fistula enlarged in size to attain its current dimensions (Figure ). On 3rd June 2008, he presented to the emergency department of our tertiary care hospital with complaints of progressive breathlessness over the past 15 days. There was no history of associated chest pain, palpitations, syncope, cough, expectoration, or orthopnea.
On examination, he had pallor and bilateral pitting pedal edema. He was afebrile, with a pulse rate of 108/min, BP of 140/80 mmHg, respiratory rate of 28/min. A giant arteriovenous fistula was seen extending from the cubital fossa of the left arm up to the left supraclavicular region (Figure ). Respiratory system examination revealed stony dullness over the left mammary, infra-axillary and sub-scapular areas on percussion. On auscultation, there was decreased intensity of breath sounds over the above mentioned areas. Normal vesicular breath sounds were heard over all other areas. Other systems examination was unremarkable.
His blood investigations showed hemoglobin of 4.5 g/dl, BUN – 13 mg/dl, creatinine- 2.6 mg/dl, with other parameters being within normal limits. His coagulation profile was slightly deranged with a raised INR (Table ). Chest X-ray revealed a massive pleural effusion on the left side (Figure ). USG guided pleural aspiration revealed a hemorrhagic fluid. Pleural fluid analysis showed no WBCs, RBC – 5000/mm3 (normocytic 22%, crenated 88%), sugar – 70 mgs/dl, protein – 4.3 g/dl. Doppler study of the AV fistula showed a high peak velocity of 350 cms/sec, with no evidence of thrombosis or stenosis. In order to drain the hemorrhagic pleural effusion, an intercostal drain was placed. Patient was managed with 5 units packed red cell transfusion, oxygen and other supportive measures. With this presentation the possible cause for the left hemothorax was suspected to be due to the AV fistula. Hence after the patient was stabilized, the giant AV fistula was ligated on the 6th day after admission. Following ligation of the fistula, the patient's left sided pleural effusion decreased. The chest drain was removed after 7 days and patient was discharged after 3 more days. On follow up 6 weeks later, the patient did not have a recurrence of pleural effusion (Figure ). For further hemodialysis, the creation of a new fistula on his right arm has been planned.",What is patient's mean arterial pressure in mm Hg? You should use the patient's medical values and health status when they were first admitted to the hospital prior to any treatment.,Mean Arterial Pressure (MAP),physical,decimal,100.0,95.0,105.0,"{'Systolic Blood Pressure': [140.0, 'mm hg'], 'Diastolic Blood Pressure': [80.0, 'mm hg']}","The mean average pressure is computed by the formula 1/3 * (systolic blood pressure) + 2/3 * (diastolic blood pressure). Plugging in the values, we get 1/3 * 140.0 mm Hg + 2/3 * 80.0 mm Hg = 100.0 mm Hg.
Hence, the patient's mean arterial pressure is 100.0 mm Hg."
261,"The proband was a 33-years-old male (FM 1), who was diagnosed with acute ST-elevated MI 5 months ago. Emergency coronary angiography showed that 60 to 80% obstruction of left anterior descending artery (LAD) and 50% stenosis of left circumflex artery (LCX) (). The patient was presented to our hospital due to chest pain and fatigue during physical exercise recurrently. Electrocardiogram and laboratory cardiac enzyme test were all normal. The myocardial perfusion tomographic imaging (adenosine) revealed transverse, coronal, and sagittal planes showing areas of reduced radioactivity distribution in the basement of the posterior lateral wall of the left ventricle. His hyperlipidemia was first diagnosed at age 28, he had taken atorvastatin (10 mg, q.d.) irregularly since then for 4 years, and the LDL-C level ranged between 2.6 to 3.8 mmol/L. Unexpectedly, his LDL-C level rose to 6.18 mmol/L 1 month before MI owing to drug withdrawal ().
His mother experienced lethal MI at the age 50. She was also diagnosed with type 2 diabetes mellitus (T2DM) and hypertension. His several maternal aunties had hyperlipidemia and one of them was died of MI at the age 41. His father had T2DM at age 50. His sister was diagnosed of hypertension, T2DM, and hyperlipidemia at age of 29.",What is the patient's score of the HEART Score? You should use the patient's medical values and health status when they were first admitted to the hospital prior to any treatment.,HEART Score for Major Cardiac Events,risk,integer,4,4,4,"{'age': [33, 'years'], 'Suspicion History': 'Highly suspicious', 'Electrocardiogram Test': 'Normal', 'hypercholesterolemia': True, 'parent or sibling with Cardiovascular disease before age 65': True, 'atherosclerotic disease': True, 'Initial troponin': 'less than or equal to normal limit', 'Hypertension history': False, 'Diabetes mellitus': False, 'obesity': False, 'smoking': False}","The HEART Score for risk stratification in patients with chest pain is shown below:

1. History: Slightly suspicious = 0 points, Moderately suspicious = +1 point, Highly suspicious = +2 points
2. EKG: Normal = 0 points, Non-specific repolarization disturbance = +1 point, Significant ST deviation = +2 points
3. Age: <45 years = 0 points, 45-64 years = +1 point, ≥65 years = +2 points
4. Risk factors (HTN, hypercholesterolemia, DM, obesity (BMI >30 kg/m²), smoking (current or cessation within 3 months), positive family history of cardiovascular disease before age 65, atherosclerotic disease such as prior MI, PCI/CABG, CVA/TIA, or peripheral arterial disease): No known risk factors = 0 points, 1-2 risk factors = +1 point, ≥3 risk factors or history of atherosclerotic disease = +2 points
5. Initial troponin level: ≤normal limit = 0 points, 1-3x normal limit = +1 point, >3x normal limit = +2 points

The total score is calculated by summing the points for each criterion.
    
The current HEART Score is 0.
The value of 'history' in the patient's note is determined to be 'Highly suspicious'. Based on the HEART Score criteria, 2 points are added for 'history', increasing the current total to 0 + 2 = 2.
The value of 'electrocardiogram' in the patient's note is determined to be 'Normal'. Based on the HEART Score criteria, 0 points are added for 'electrocardiogram', keeping the current total at 2.
The patient is 33 years old. The patient's age is less than 45 years and so keep the current total at 2.
The following risk factor(s) are present based on the patient's note: hypercholesterolemia, family with cvd, atherosclerotic disease. The following risk factor(s) are mentioned in the patient's note, but these risk factors are noted to be absent from the patient: hypertension, diabetes mellitus, obesity, smoking. Based on the HEART Score risk factors criteria, 3 risk factors are present and so 2 points are added for the risk factors criteria (≥3 risk factors or atherosclerotic disease present), making the current total 2 + 2 = 4.
The value of 'initial troponin' in the patient's note is determined to be 'less than or equal to normal limit'. Based on the HEART Score criteria, 0 points are added for 'initial troponin', keeping the current total at 4.
Based on the patient's data, the HEART Score is 4."
941,"A 61-year-old male arrived at the hospital with increasing shortness of breath, mild confusion, and a two-day history of productive cough. He has a past medical history of controlled hypertension and mild fatty liver disease but denies any recent changes in medication or significant dietary shifts. On initial evaluation, he appeared in moderate respiratory distress, prompting careful assessment of his ability to oxygenate and ventilate. Arterial blood gas sampling revealed his partial pressure of oxygen was 70 mm Hg, concerning given his respiratory complaints. He required advanced airway support on arrival due to insufficient oxygenation on lower levels of supplemental oxygen, and he has been receiving a mixture of inspired gas that surpasses room air concentration to help maintain adequate oxygenation. The inspired oxygen concentration is 40% (FiO₂ 0.40). He remains hemodynamically stable with a systolic pressure of 115 mm Hg and a diastolic pressure of 75 mm Hg, showing no clinical indications of severely decreased perfusion or other concerning circulatory compromise. Physical exam demonstrates that while he opens his eyes spontaneously and can communicate coherently most of the time, he occasionally struggles with more complex tasks, which suggests a mild cognitive deficit rather than a profound alteration in consciousness. On formal assessment, his Glasgow Coma Score was 14. Laboratory data at presentation show a platelet count of 150,000 per microliter, which has decreased slightly compared to his baseline but has not yet fallen into a range typically associated with a high bleeding risk. Additional labs reveal a total bilirubin of 1.8 mg/dL, indicating a mild degree of bilirubin elevation that may be influenced by his known hepatic condition but does not yet show overt signs of severe hepatic dysfunction. Renal function testing indicates a serum creatinine of 1.2 mg/dL, an observation that hovers at the upper boundary of normal for his demographic, and he currently has a daily urine output of about 1500 milliliters, indicating that his kidneys are still generating an adequate volume of urine in the setting of his acute illness. He exhibits no overt signs of severe circulatory compromise, and therefore he has not required continuous intravenous medications specifically aimed at supporting blood pressure or cardiac output. At this time, the clinical team has chosen to monitor his cardiovascular parameters closely, particularly because of his potential for sudden changes in respiratory status and the known risk of progression to sepsis secondary to a suspected pulmonary infection. Despite the mild confusion, he retains an overall favorable prognosis for neurological recovery in the absence of additional insults. Efforts are focused on controlling any underlying infectious etiology through appropriate antimicrobial therapy, maintaining stable ventilatory parameters to improve his oxygen saturation, and providing supportive care to address his mild hepatic and renal concerns. The current plan includes serial reassessment of his neurological status, repeat laboratory tests to track platelet trends and liver enzyme fluctuations, and continued close observation of fluid balance to ensure his urine output remains in a safe range. His clinical status upon arrival underscores the importance of prompt recognition of respiratory compromise in individuals with evidence of possible infection, and his moderate deficits in consciousness along with borderline lab abnormalities warrant vigilant monitoring to prevent further organ dysfunction. Although he remains intubated for now, there is cautious optimism that he will improve with medical management and may be weaned from advanced respiratory support once his oxygenation stabilizes and his condition proves to be on an upward trajectory.",What is the patient's Sequential Organ Failure Assessment (SOFA) Score?,Sequential Organ Failure Assessment (SOFA) Score,risk,integer,6,6,6,"{'PaO2': [70, 'mm Hg'], 'FiO2': [40, '%'], 'On mechanical ventilation': True, 'Platelet count': [150000, 'µL'], 'Glasgow Coma Score': 14, 'Bilirubin': [1.8, 'mg/dL'], 'Hypotension': False, 'Systolic Blood Pressure': [115, 'mm Hg'], 'Diastolic Blood Pressure': [75, 'mm Hg'], 'creatinine': [1.2, 'mg/dL'], 'Urine Output': [1500, 'mL/day']}","The criteria for the SOFA Score are shown below:
    
1. PaO₂/FiO₂ ratio (mm Hg): ≥400 = 0 points, 300-399 = +1 point, 200-299 = +2 points, < 200 and NOT mechanically ventillated = +2 points, 100-199 (with mechanical ventilation) = +3 points, <= 199, <100 (with respiratory support) = +4 points
2. Platelets (x10³/µL): ≥150 = 0 points, 100-149 = +1 point, 50-99 = +2 points, 20-49 = +3 points, <20 = +4 points
3. Glasgow Coma Scale (GCS): 15 = 0 points, 13-14 = +1 point, 10-12 = +2 points, 6-9 = +3 points, <6 = +4 points
4. Bilirubin (mg/dL): <1.2 = 0 points, 1.2-1.9 = +1 point, 2.0-5.9 = +2 points, 6.0-11.9 = +3 points, ≥12.0 = +4 points
5. Mean arterial pressure (MAP) or administration of vasopressors (in mcg): No hypotension = 0 points, MAP <70 mmHg = +1 point, Dopamine ≤5 or Dobutamine (any dose) = +2 points, Dopamine >5 or Epinephrine ≤0.1 or norepinephrine ≤0.1 = +3 points, Dopamine >15 or Epinephrine >0.1 or norepinephrine >0.1 = +4 points
6. Creatinine (mg/dL) or urine output: <1.2 = 0 points, 1.2-<2.0 = +1 point, 2.0-<3.5 = +2 points, 3.5-<5.0 or urine output <500 mL/day = +3 points, ≥5.0 or urine output <200 mL/day = +4 points

The total SOFA Score is calculated by summing the points for each criterion.
    
The patient's current SOFA score is 0.
The patient's partial pressure of oxygen is 70 mm Hg and FiO₂ percentage is 40 %. This means that the patient's partial pressure of oxygen to FiO₂ ratio is 175.0. The patient is reported to be on mechanical ventillation. Whether the patient is on continuous positive airway pressure is not reported and so we assume this to be false. Because the patient's partial pressure of oxygen to FiO₂ ratio is between 100 to 199, and the patient is using at least one of (i) mechanical ventillation or (ii) continious positive airway pressure, we increase the score by three points, makeing the current total 0 + 3 = 3.
The patient is reported to not have hypotension, and so we do not add any points to the score, keeping the current total at 3.
The patient's glasgow coma score is 14. Because the patient's glasgow coma score is between 13 and 14, we add 1 point to the score, making the current score 3 + 1 = 4.
 The concentration of bilirubin is 1.8 mg/dL. Because the patient's bilirubin concentration is at least 1.2 mg/dL, but less than 2.0 mg/dL, we increment the score by one point, make the current score 4 + 1 = 5.
The patient's concentration of platelet is 150000 count/µL. Because the patient's platelet count is at least 150*10³/µL, we do not any points to the score, keeping the current score at 5.
The concentration of creatinine is 1.2 mg/dL. The patients urine output is 1500 mL/day.

Because the patient's creatinine concentration is at least 1.2 mg/dL, but less than 2.0 mg/dL, we increment the score by one point, making the current total 5 + 1 = 6.
Hence, the patient's SOFA score is 6 points."
121,"A 68-year-old man presented to the the emergency system with severe dyspnea and hypoxia (SpO2: 87% in ambient air). His past medical history was significant for hypertension, obesity, diabetes, and chronic renal failure. On admission (day 1), he had a temperature of 39°C, high blood pressure (170/100 mmHg), and heart rate (110 bpm in sinus rhythm (SR)). Diffuse breath sounds (rales) were found on both lung fields and the chest HRCT [, Panel E] revealed bilateral GGOs consistent with interstitial inflammatory lung disease. Nasopharyngeal and oropharyngeal swabs were immediately obtained, confirming SARS-CoV-2 positivity. After a CPAP attempt (days 1 and 2), the patient was intubated (day 3) with ventilatory support parameters demonstrating a high (PEEP of 15 cm H2O), FiO2 80%, and driving pressure <15 cmH2O. Serum creatinine increased to 2.3 mg/dL (glomerular filtration rate of 31 mL/min), leukocytes were 8.3 × 109 U/L, lymphocytes were 0.9 × 109 U/L, and hemoglobin was 9.3 g/dL. The high-sensitivity troponin T curve was 59-43–35 ng/L (normal value <14), NT-proBNP reached to 10.650 pg/mL (normal value <153) and C-reactive protein peak was 29 mg/L (normal value <6) with procalcitonin peak of 6.3 ng/mL (normal value range: 0–0.15). Interleuchin-6 values were 91.83 pg/mL and 37.63 pg/mL and he was treated with intravenous tocilizumab. Coagulation markers demonstrated a pro-thrombotic status with a platelet count of 160 × 109 U/L, D-dimer of 17 mcg/mL, fibrinogen of 656 mg/dL, and an aPTT of 33.8 s. ECG [, Panel F] showed atrial fibrillation with high heart rate (111 bpm), mild ST depression, inverted T waves in V4–V6, and a QTc of 437 ms. TTE revealed a moderate left ventricular systolic dysfunction (LVEF 40%) with a mildly dilated left ventricle (end-diastolic diameter of 61 mm), normal right ventricle in size and function, and normal cardiac valves. There was a moderate pericardial effusion, anterior to the right ventricle (maximum 15 mm in diastole). A mobile and elongated (0.3 × 4 cm) clot was noted within the effusion (Panel G). The patient was treated with lopinavir/ritonavir (400 mg BID), hydroxychloroquine (200 mg BID), and enoxaparin (1 mg/kg BID). Metilprednisolone (1 mg/kg OD) was added (day 6) together with beta-blockers, diuretics, and nitrates. Due to persistent atrial fibrillation, enoxaparin was switched to edoxaban (30 mg OD) on day 9. To date (day 15), the clot continues to decrease as seen on the chest HRCT (Panel H).
The prone position was used for the first four nights in the ICU. He was extubated the 15th day after intubation; noninvasive ventilation and HFNC were used the following days to optimize oxygenation.
At 6-month follow-up, the patient was in good conditions, lung lesions appeared reduced on chest HRCT, but at TTE pericardial clot appeared unchanged [].",What is the patient's score of Wells' criteria for Pulmonary Embolism? You should use the patient's medical values and health status when they were first admitted to the hospital prior to any treatment.,Wells' Criteria for Pulmonary Embolism,risk,integer,1.5,1.5,1.5,"{'Heart Rate or Pulse': [110, 'beats per minute'], 'Pulmonary Embolism is #1 diagnosis OR equally likely': False}","
The criteria for the Wells' Criteria for Pulmonary Embolism score are listed below:

1. Clinical signs and symptoms of DVT: No = 0 points, Yes = +3 points
2. PE is #1 diagnosis OR equally likely: No = 0 points, Yes = +3 points
3. Heart rate > 100: No = 0 points, Yes = +1.5 points
4. Immobilization at least 3 days OR surgery in the previous 4 weeks: No = 0 points, Yes = +1.5 points
5. Previous, objectively diagnosed PE or DVT: No = 0 points, Yes = +1.5 points
6. Hemoptysis: No = 0 points, Yes = +1 point
7. Malignancy with treatment within 6 months or palliative: No = 0 points, Yes = +1 point

The total score is calculated by summing the points for each criterion.
   
The Well's score for pulmonary embolism is currently 0.
Clinical signs and symptoms of DVT are not reported and so we assume that this is missing from the patient, keeping the current total at 0. Pulmonary Embolism is not reported to be the #1 diagnosis and so the total score remains unchanged, keeping the total score at 0.
The patient's heart rate is 110 beats per minute. The heart rate is more than 100 bpm, and so the score is increased by 1.5, making the total score, 0 + 1.5 = 1.5.
The report does not give an indication on whether the patient has had an immobilization for at least 3 days and so we assume this to be false.The report does not give an indication on whether the patient has had a surgery for the past 4 weeks and so we assume this to be false.Because the patient has not had an immobilization for at least 3 days, and the patient did not have a surgery in the past 4 weeks, the score remains at 1.5.
The report does not give an indication on if the patient has previously had pulmonary embolism diagnosed and so we assume this to be false.The report does not give an indication on if the patient has previously been diagnosed with deep vein thrombosis and so we assume this to be false.Because the patient has no previous diagnosis of pulmonary embolism (PE) or deep vein thrombosis (DVT), the score remains at 1.5.
Hemoptysis is not reported in the patient note and so we assume that it is missing from the patient, keeping the total score at 1.5.
Malignany with treatment within 6 months or palliative is not reported in the patient note and so we assume that this is absent for the patient, keeping the score at 1.5.
The patient's Well's score for pulmonary embolism is 1.5."
681,A patient has a heart rate of 110 bpm and a QT interval of 490 msec.,"Using the Framingham Formula for corrected QT interval, what is the patient's corrected QT interval in terms of msec?",QTc Framingham Calculator,physical,decimal,560.0007,532.00067,588.00074,"{'Heart Rate or Pulse': [110, 'beats per minute'], 'QT Interval': [490, 'msec']}","The corrected QT interval using the Framingham formula is computed as  QTc = QT Interval + (154 * (1 - rr_interval_sec)), where QT interval is in msec, and RR interval is given as 60/(heart rate).
The patient's heart rate is 110 beats per minute.
The QT interval is 490 msec.
The RR interval is computed as 60/(heart rate), and so the RR interval is 60/110 = 0.54545.
Hence, plugging in these values, we will get 490 + (154 * ( 1- 0.54545 )) = 560.0007.
The patient's corrected QT interval (QTc) is 560.0007 msec."
641,"A 56-year-old woman was referred to our center, with a complaint of abdominal pain and constipation, for a week. From the time of onset, the pain was categorized to be severe, not colic and was localized to the epigastric region only. The patient was alert and ill, while she has had nausea and anorexia, but was not been accompanied by vomiting. Her vital signs were as follows: BP: 85/50, PR: 130, T: 37.2, and RR: 18. Her head, neck, and chest (heart and lung) were normal, and abdomen was fatty and without scarlet and reduced intestinal sounds. She had generalized tenderness with maximum pain intensity in epigastric regions, where her organs were normal. Her medical and corresponding drug history was as follows: antiphospholipid antibody syndrome, DVT, a history of two abortions, and type II diabetes.
Her drug history included: prednisolone tablets, 5 mg: once a day; methotrexate: three pounds a week; hydroxychloroquine tablet: 3 days a week; and warfarin tablets: daily half a pill and insulin.
For further examination, her cardiac activity was monitored, and serum therapy was given to the patient. She was also provided a nasogastric tube, Foley catheter for urinary drainage along with hydrocortisone and antibiotics.
After about 60 minutes, her vitals were as follows: BP: 100/60 and PR: 120.
The result of the preliminary tests showed WBC: 4200, Hb: 7.7, PLT: 80 000, and INR: 4.7 and other tests: normal. Ultrasound from the patient's bedside showed free fluid in the abdomen. Following these tests, the therapeutic intervention was continued as follows: serum, wo packed cell (PC) units, and fresh frozen plasma (FFP) units. Meanwhile, the patient was prepared for laparotomy where, during the surgery, her sugar levels kept under control, control, stress-dose cortisol was provided, and she received 5 units of PC and 4 units of FFP.
During the laparotomy, about 3 L of blood and clot were removed from the abdomen. Following this, a cystic lesion was observed in the vicinity of the large stomach flexion that bled due to the invasion of the gastroepyloid vessels (Figure ). After controlling the bleeding, the lesion was fully resected, and samples were examined for pathology (Figure ).
Postoperatively, complete control of the bleeding was achieved with sustained vital signs. However, given the state of preoperative hemorrhagic shock, the patient was kept in ICU until satisfactory recovery was achieved. She also received 5 units of PC and 4 units of FFP, and the vital signs were maintained stable.
Despite there was no recurrence of hemorrhage, she presented pancytopenia perhaps due to the underlying disease (antiphospholipid antibody syndrome). She was hyper-coagulopathic, due to thrombocytopenia and hemorrhagic shock (cause of referral); therefore, anticoagulant administration was not possible.
After 24 hours and ensuring the stability of vital signs and the absence of Ileus, the patient oral feed was resumed. The postoperative examination for pancytopenia was as follows: WBC: 1500 (PMN: 60%), Hb: 11, PLT: 50 000, INR: 1.7, and K: 3.2. Granulocyte colony-stimulating factor (GCSF) therapy was prescribed to the patients after which, her platelets and WBCs showed improvement. The patient's general condition improved, she tolerated the diet, and the bleeding was controlled. Her hemoglobin level did not drop, and therefore, she was transferred to the general ward.
The continuation of treatment was as follows: hydroxychloroquine, prednisolone: half a tablet twice a day, methotrexate was discontinued for 2 weeks, and folic acid and GCSF for 3 days.
Laboratory results showed: platelet <100 000, potassium <3.5, and INR: 1.6. She was administered anticoagulant prophylaxis.
Nine days after the operation, the patient suffered from shortness of breath and tachypnea and a feeling of pressure in the chest. According to the history of the disease, the first diagnosis was a pulmonary embolism, for which anticoagulant therapy was immediately initiated and the patient was transferred to ICU. Her laboratory findings revealed: a decrease in platelets 20 000 and an increase in INR > 3 while ECG was normal. Anticoagulant therapy was restarted. Nonetheless, she went under respiratory distress and despite intubation, she expired.",What are the number of SIRS critiera met by the patient? You should use the patient's medical values and health status when they were first admitted to the hospital prior to any treatment.,SIRS Criteria,diagnosis,integer,1,1,1,"{'Temperature': [37.2, 'degrees celsius'], 'Heart Rate or Pulse': [130.0, 'beats per minute'], 'respiratory rate': [18.0, 'breaths per minute'], 'White blood cell count': [4200.0, 'µL']}","The rules for SIRS Criteria are listed below:
    
1. Temperature >38°C (100.4°F) or <36°C (96.8°F): No = 0 points, Yes = +1 point
2. Heart rate >90: No = 0 points, Yes = +1 point
3. Respiratory rate >20 or PaCO₂ <32 mm Hg: No = 0 points, Yes = +1 point
4. White blood cell count (WBC) >12,000/mm³, <4,000/mm³: No = 0 points, Yes = +1 point

The total number of criteria met is taken by summing the score for each criteria.
    
The current count of SIRS criteria met is 0.
The patient's temperature is 37.2 degrees celsius. Because the temperature is between 36 and 38 degrees celsius, this does not meet SIRS criteria for temperature, and so the current total remains at 0.
The patient's heart rate is 130.0 beats per minute. Because the heart rate is greater than 90 beats per minute, this meets SIRS criteria and so we increment the criteria count by 1 making the current total 0 + 1 = 1.
The patient's concentration of white blood cell is 4200.0 count/µL. To convert 4200.0 count/µL of white blood cell to mm^3, multiply by the conversion factor 1.0 µL/mm^3 which will give 4200.0 white blood cell count/µL * 1.0 µL/mm^3 = 4200.0 white blood cell count/mm^3. Because the white blood cell count is between 4000 and 12000 count per mm^3, this does not meet SIRS criteria for white blood cell count, and so the current total remains at 1.
The final SIRS criteria is whether the patient has a respiratory rate of more than 20 breaths per minute or if the patient's PaCO₂ partial pressure is less than 32 mm Hg. The patient's respiratory rate is 18.0 breaths per minute, which is less or equal to than 20 breaths per min. The patient's PaCO₂ partial pressure is not provided and so we assume that the patient's partial pressure is greater than or equal to 32 mm Hg. Neither criteria met and so keep the current total at 1.
Hence, the the number of SIRS criteria met by the patient is 1."
241,"A 72-year-old man was seen in the pre-operative assessment clinic this morning for evaluation prior to tomorrow’s planned infrarenal abdominal aortic aneurysm repair, which is being undertaken electively after interval radiologic surveillance documented enlargement of the aneurysmal sac from 5.4 cm to 6.2 cm over the past year. He reports progressive abdominal pulsation awareness but no acute abdominal or back pain, and he specifically denies fevers, weight loss, gastrointestinal bleeding, syncope, or exertional dyspnea. The patient’s cardiovascular history is notable for a myocardial infarction seven years ago that was managed with primary percutaneous coronary intervention and drug-eluting stent placement to the proximal left anterior descending artery; he has experienced no further episodes of chest discomfort since that time, and he remains on low-dose aspirin, high-intensity atorvastatin, and a long-acting beta-blocker. He follows regularly with cardiology, last stress study eighteen months ago was negative for inducible ischemia, and his baseline functional capacity is estimated at 6–7 METs as he ambulates two flights of stairs and performs routine yard work without limitation. He has longstanding type 2 diabetes mellitus diagnosed at age 58, controlled with metformin 1000 mg twice daily and a sodium–glucose cotransporter-2 inhibitor; he has never used injectable glucose-lowering agents and finger-stick glucose logs provided today range from 105–160 mg/dL. There is no personal history of cerebrovascular accident or transient neurologic deficits, and no episodes of claudication, limb ischemia, or heart failure decompensation have been documented. Additional medical problems include stage 3a chronic kidney disease attributed to hypertensive nephrosclerosis, mild chronic obstructive pulmonary disease related to remote tobacco use (quit fifteen years ago, 30 pack-year history), and controlled essential hypertension managed with lisinopril and amlodipine. The patient consumes minimal alcohol, denies illicit drug use, and lives independently with his spouse. Family history is significant for coronary disease in both parents in their 60s but none for aneurysmal disease. Vital signs in clinic: blood pressure 138/72 mm Hg, heart rate 58 beats/min in sinus rhythm, respiratory rate 14 breaths/min, oxygen saturation 97% on room air, temperature 36.6 °C, body mass index 27 kg/m². Cardiovascular examination reveals a regular rate and rhythm without murmurs, gallops, or rubs; peripheral pulses are palpable and symmetric. Lungs are clear bilaterally without wheeze or crackles. Abdomen is soft and nontender with a palpable expansile mass in the midline; no bruit is appreciated. Extremities show no edema; capillary refill is brisk. Neurologic assessment is nonfocal, cranial nerves II–XII grossly intact, strength 5/5 throughout. Pre-operative laboratory data obtained this morning demonstrate hemoglobin 13.4 g/dL, hematocrit 40%, white blood cell count 6.1 × 10⁹/L, platelet count 210 × 10⁹/L, sodium 139 mmol/L, potassium 4.1 mmol/L, chloride 101 mmol/L, bicarbonate 24 mmol/L, blood urea nitrogen 34 mg/dL, and a serum creatinine of 1.8 mg/dL, which is consistent with his documented baseline over the previous six months. Estimated glomerular filtration rate by CKD-EPI is 42 mL/min/1.73 m². Fasting glucose is 132 mg/dL and HbA1c last checked two weeks ago by his primary physician was 7.1%. Electrocardiogram today shows normal sinus rhythm at 56 beats/min with Q-waves in the anterior leads consistent with prior infarction, no acute ST-T changes, and a normal QTc. Chest radiograph reveals clear lung fields, normal cardiac silhouette, and no pulmonary congestion. Pulmonary function testing on file demonstrates an FEV1 of 80% predicted and an FEV1/FVC ratio of 0.72 without significant bronchodilator responsiveness. The anesthesia team has reviewed the airway and predicts Mallampati class II, thyromental distance 7 cm, full range of neck motion. NPO instructions have been reiteratively provided, and home beta-blocker will be administered the morning of surgery with a sip of water per protocol. Aspirin will be continued, whereas the SGLT2 inhibitor will be held today and the morning of surgery to mitigate any peri-operative euglycemic ketoacidosis risk; metformin will be withheld on the day of surgery given renal function. Cross-matched blood products are reserved. After extensive counseling covering surgical approach, expected recovery, potential complications including bleeding, myocardial ischemia, renal injury, pulmonary compromise, and wound infection, the patient verbalized understanding and consents to proceed. No new changes in cardiopulmonary status were elicited during today’s visit, and he will be admitted directly to the surgical floor tomorrow morning for pre-incision preparation and cardiac telemetry monitoring.",What is the patient's score of the Revised Cardiac Risk Index for Pre-Operative Risk? You should use the patient's medical values and health status when they were first admitted to the hospital prior to any treatment.,Revised Cardiac Risk Index for Pre-Operative Risk,risk,integer,2,2,2,"{'Elevated-risk surgery': True, 'History of ischemic heart disease': True, 'Pre-operative treatment with insulin': False, 'History of cerebrovascular disease': False, 'Pre-operative creatinine': [1.8, 'mg/dL']}","The criteria for the Revised Cardiac Risk Index (RCRI) are listed below:

1. Elevated-risk surgery (intraperitoneal, intrathoracic, or suprainguinal vascular): No = 0 points, Yes = +1 point
2. History of ischemic heart disease (history of myocardial infarction, positive exercise test, current chest pain due to myocardial ischemia, use of nitrate therapy, or ECG with pathological Q waves): No = 0 points, Yes = +1 point
3. History of congestive heart failure (pulmonary edema, bilateral rales or S3 gallop, paroxysmal nocturnal dyspnea, or chest x-ray showing pulmonary vascular redistribution): No = 0 points, Yes = +1 point
4. History of cerebrovascular disease (prior transient ischemic attack or stroke): No = 0 points, Yes = +1 point
5. Pre-operative treatment with insulin: No = 0 points, Yes = +1 point
6. Pre-operative creatinine >2 mg/dL (176.8 μmol/L): No = 0 points, Yes = +1 point

The total score is calculated by summing the points for each criterion.

The current cardiac risk index is 0.
Based on the patient note, an elevated risk surgery is determined to be present for the patient. This means that we increment the score by one and the current total will be 0 + 1 = 1.
Based on the patient note, a history of ischemic heart disease is determined to be present for the patient. This means that we increment the score by one and the current total will be 1 + 1 = 2.
The patient note does not mention anything about a history of congestive heart failure and is assumed to be absent. This means that the total score remains unchanged at 2.
Based on the patient note, a history of cerebrovascular disease is determined to be absent for the patient. This means that the total score remains unchanged at 2.
Based on the patient note, a pre-operative insulin treatment is determined to be absent for the patient. This means that the total score remains unchanged at 2.
The concentration of Pre-Operative Creatinine is 1.8 mg/dL. The patient's pre-operative creatinine is less than or equal to 2 mg/dL, so we keep the score the same at 2.

The cardiac risk index score is 2."
541,"A 38-year-old female presents to the emergency department for cough. She reports that two days ago she developed a nonproductive cough with moderate shortness of breath. On review of systems, the patient also endorses chills and sweats as well as several episodes of diarrhea over the past three days. Her husband also reports that the patient seemed confused this morning when he spoke to her before he left for work. The patient’s past medical history is significant for diabetes mellitus type II for which she takes metformin and glipizide. She drinks 8-10 beers per week and has a 15 pack-year smoking history. She works as a sales manager at a local retail company. Her temperature is 102.6°F (39.2°C), blood pressure is 126/72 mmHg, pulse is 82/min, and respirations are 18/min. On physical exam, she is alert and oriented to person and place only. She has crackles bilaterally extending up to the mid-lung fields. Her abdomen is soft and non-distended without rebound or guarding. Laboratory testing is performed and reveals the following:

Serum:
Na+: 129 mEq/L
K+: 3.6 mEq/L
Cl-: 99 mEq/L
HCO3-: 17 mEq/L
Urea nitrogen: 16 mg/dL
Creatinine: 1.1 mg/dL

Leukocyte count: 16,300/mm^3
Hemoglobin: 13.2 g/dL
Mean corpuscular volume: 87 µm^3
Platelet count: 348,000/mm^3

A chest radiograph is performed and can be seen in Figure A.",What is the patient's CURB-65 score? You should use the patient's medical values and health status when they were first admitted to the hospital prior to any treatment.,CURB-65 Score for Pneumonia Severity,risk,integer,1,1,1,"{'Systolic Blood Pressure': [126.0, 'mm hg'], 'respiratory rate': [18.0, 'breaths per minute'], 'Blood Urea Nitrogen (BUN)': [16.0, 'mg/dL'], 'Confusion': True, 'Diastolic Blood Pressure': [72.0, 'mm hg'], 'age': [38, 'years']}","The CURB-65 Score criteria are listed below:

1. Confusion: No = 0 points, Yes = +1 point
2. BUN >19 mg/dL (>7 mmol/L urea): No = 0 points, Yes = +1 point
3. Respiratory Rate ≥30: No = 0 points, Yes = +1 point
4. Systolic BP <90 mmHg or Diastolic BP ≤60 mmHg: No = 0 points, Yes = +1 point
5. Age ≥65: No = 0 points, Yes = +1 point

The total CURB-65 score is calculated by summing the points for each criterion.

The CURB-65 score is current at 0 points.
The patient is 38 years old. The patient's age is less than 65 years, and so we add 0 points to the score, keeping the current total at 0.
Because the patient has confusion, 1 point is added to score making the current total 0 + 1 = 1.
The concentration of BUN is 16.0 mg/dL. The patient's BUN concentration is less than or equal to 19 mg/dL and so 0 points are added to score, keeping the current total at 1.
The patient's respiratory rate is 18 breaths per minute. Because the respiratory rate is less than 30 breaths per minute, 0 points are added to the score, keeping the current total at 1.
The patient's systiolic blood pressure is 126 mm Hg. The patient's diastolic blood pressure is 72 mm Hg. For a point a point to be added, the systiolic blood pressure must be less than 90 mm Hg or the diastolic blood pressure must be less than or equal to 60 mm Hg. Because neither of these statements are true, 0 points are added to score, keeping the current total to 1.
The patient's CURB-65 score is 1."
381,"A 37-year-old man with a past medical history of pancreatitis, type 2 diabetes
mellitus on insulin, and ulcerative colitis was brought to the emergency department
with complaints of nausea, vomiting, and diarrhea for a 1-week duration followed by
anuria for 48 hours prior to this presentation. Vital signs on presentation include
a temperature of 36.3°C, blood pressure of 103/60 mm Hg, heart rate of 79 beats per
minute, and respiratory rate of 16 breaths per minute, saturating at 100% on room
air. On examination, the patient appeared somnolent with dry mucous membranes and
loss of skin turgor. Limited neurologic examination was unremarkable. Comprehensive
serum drug screen was negative. Laboratory data are relevant for serum blood urea
nitrogen 160 mg/dL, creatinine 8.4 mg/dL, Na 107 mEq/L, potassium 6.1 mEq/L,
bicarbonate 7 mEq/L, anion gap of 33, glucose 169 mg/dL, and measured serum
osmolality of 297 mOsm/L. Electrocardiogram showed normal sinus rhythm with peak
T-waves. Urine studies revealed Na <10 mEq/L, creatinine 286 mg/dL, and
osmolality of 311 mOsm/L, with hyaline casts and fractional excretion of sodium of
0.6%. No prior history of renal disease noted, and renal ultrasound was
unremarkable. Given refractory and worsening hyperkalemia, worsening uremia, and
acidosis, emergent dialysis was planned. However, the lowest sodium bath available
for dialysis being 130 mEq, 0.45% normal saline was infused during the dialysis
session to prevent rapid sodium correction. He received one session of hemodialysis
and serum Na increased to 124 mEq/L and blood urea nitrogen decreased to 87 mg/dL
during the 5-hour dialysis session. The patient’s mentation gradually improved,
fully alert, awake, and oriented without any immediate neurological deficits.
Detailed neurological examination performed prior to discharge was also
unremarkable, including normal cranial nerve examination, muscle strength, and deep
tendon reflexes, sensory function, gait, and coordination. Both T1- and T2-weighted
imaging sequences on magnetic resonance imaging (MRI) scan performed 7 days after
the rapid correction event was unremarkable. The patient’s neurological examination
remained unremarkable on his 4-week posthospital clinic follow-up.","What is the patient's corrected sodium concentration for hyperglycemia in terms of mEq/L? Use the sodium correction equation based on the one derived in Hillier, 1999. You should use the patient's medical values and health status when they were first admitted to the hospital prior to any treatment.",Sodium Correction for Hyperglycemia,lab test,decimal,108.656,103.2232,114.0888,"{'Glucose': [169.0, 'mg/dL'], 'Sodium': [107.0, 'mEq/L']}","The formula for Sodium Correction for Hyperglycemia based on Hiller, 1999 is Measured sodium + 0.024 * (Serum glucose - 100), where Measured Sodium is the sodium concentration in mEq/L and the Serum glucose is the concentration of glucose in mg/dL.
The concentration of sodium is 107.0 mEq/L. 
The concentration of glucose is 169.0 mg/dL. 
Plugging in these values into the formula gives us 107.0 mEq/L + 0.024 * (169.0 - 100) = 108.656 mEq/L.
Hence, the patient's corrected concentration of sodium is 108.656 mEq/L."
661,A patient has a heart rate of 171 bpm and a QT interval of 340 msec.,"Using the Fridericia Formula for corrected QT interval, what is the patient's corrected QT interval in terms of msec?",QTc Fridericia Calculator,physical,decimal,482.05069,457.94816,506.15322,"{'Heart Rate or Pulse': [171, 'beats per minute'], 'QT Interval': [340, 'msec']}","The corrected QT interval using the Fredericia formula is computed as  QTc = QT interval / (RR interval)**(1/3), where ** denotes an exponent, QT interval is in msec, and RR interval is given as 60/(heart rate).
The patient's heart rate is 171 beats per minute.
The QT interval is 340 msec.
The RR interval is computed as 60/(heart rate), and so the RR interval is 60/171 = 0.35088.
Hence, plugging in these values, we will get 340/(0.35088)^(1/3) = 482.05069.The patient's corrected QT interval (QTc) is 482.05069 msec."
521,"A 24-year-old female with a history of HIV/AIDS, nonischemic cardiomyopathy, and methamphetamine and marijuana abuse presented with acute onset lower extremity pain. The patient reported to have snorted methamphetamine overnight and woke up with severe lower extremity pain as well as inability to move. Surgical history was significant for excision of sublingual glands. Family history: mother was HIV positive; both mother and father had significant history of substance abuse. She drank one to two alcoholic drinks per week and was an everyday smoker, between 1/4 pack and 1/2 pack per day. Her vital signs were significant for tachycardia, tachypnea, and hypotension. Lower extremity examination was positive for tender lower extremities with no palpable dorsalis pedis, posterior tibial, and popliteal pulses bilaterally. Initial lab tests were significant for lactic acidosis, acute kidney injury, EKG with nonspecific ST-T wave changes (), elevated troponin, 1.08 ng/ml, peaked at 3.5 ng/ml and urine drug screen was positive for methamphetamine and marijuana. Hemoglobin 11.9 gm/dl, white blood cells 10.4, platelets 178, sodium 139 mmol/liter, potassium 4.1 mmol/liter, chloride 104 mmol/liter, bicarbonate 20 mmol/liter, BUN 11 mg/dl, creatinine 1.3 mg/liter, blood glucose 141 mg/dl, AST 68 units/liter, ALT 41 units/liter, total bilirubin 0.9 grams/dl, alkaline phosphatase 107 IU/liter, and INR 1.8. Arterial and venous duplex of the lower extremities revealed no blood flow. CT angiogram showed large segment aortic occlusion (4 cm) just beyond the renal arteries and partial occlusive thrombus in the superior mesenteric artery with early ischemia (Figures and ). There were also multiple areas of bilateral renal infarcts left greater than right with the main renal arteries patent bilaterally. Transthoracic echocardiogram showed an echo dense mass, 2.4 cm × 2.8 cm, 1.2 cm × 2.0 cm in size, in the left ventricle with defined margins that are distinct from the endocardium seen throughout systole and diastole, consistent with left ventricular thrombus (Figures –). Ejection fraction was estimated to be 15 %, with increased wall thickness and grade 3 diastolic dysfunction. There was mild to moderate mitral and tricuspid regurgitation with normal valve structure. CT head was obtained due to an altered mental status which was negative for acute bleeding. The patient became profoundly hypotensive which was likely due to cardiogenic shock despite being on maximum vasopressors. She developed limb ischemia due to compartment syndrome requiring fasciotomy. Interventional radiology and vascular surgery were consulted, surgical thrombectomy was done. The patient's status worsened developing rhabdomyolysis, shock liver, and acute kidney injury with severe metabolic acidosis. She could not tolerate continuous renal replacement therapy. The patient had an episode of ventricular fibrillation and expired after three days of being hospitalized.",What is the patient's anion gap in terms of mEq/L?  You should use the patient's medical values and health status when they were first admitted to the hospital prior to any treatment.,Anion Gap,lab test,decimal,15.0,14.25,15.75,"{'Chloride': [104.0, 'mmol/L'], 'Bicarbonate': [20.0, 'mmol/L'], 'Sodium': [139.0, 'mmol/L']}","The formula for computing a patient's anion gap is: sodium (mEq/L) - (chloride (mEq/L)+ bicarbonate (mEq/L)).
The concentration of sodium is 139.0 mmol/L. We need to convert the concentration to mEq/L. Let's first convert the mass of sodium from mmol to mEq. The mass of sodium is 139.0 mmol. The compound, sodium, has a valence of 1, and so multiply the valence by the value of mmol to get, 139.0 mmol * 1 mEq/mmol = 139.0 mEq sodium. The volume units is L so no volume conversion is needed. Hence, the concentration value of 139.0 mmol sodium/L converts to 139.0 mEq sodium/L. 
The concentration of chloride is 104.0 mmol/L. We need to convert the concentration to mEq/L. Let's first convert the mass of chloride from mmol to mEq. The mass of chloride is 104.0 mmol. The compound, chloride, has a valence of 1, and so multiply the valence by the value of mmol to get, 104.0 mmol * 1 mEq/mmol = 104.0 mEq chloride. The volume units is L so no volume conversion is needed. Hence, the concentration value of 104.0 mmol chloride/L converts to 104.0 mEq chloride/L. 
The concentration of bicarbonate is 20.0 mmol/L. We need to convert the concentration to mEq/L. Let's first convert the mass of bicarbonate from mmol to mEq. The mass of bicarbonate is 20.0 mmol. The compound, bicarbonate, has a valence of 1, and so multiply the valence by the value of mmol to get, 20.0 mmol * 1 mEq/mmol = 20.0 mEq bicarbonate. The volume units is L so no volume conversion is needed. Hence, the concentration value of 20.0 mmol bicarbonate/L converts to 20.0 mEq bicarbonate/L. 
Plugging in these values into the anion gap formula gives us 139.0 mEq/L - (104.0 mEq/L + 20.0 mEq/L) = 15.0 mEq/L. Hence, The patient's anion gap is 15.0 mEq/L."
1041,A patient takes 10 mg of Methadone 3 times a day and 20 mg of Tapentadol 1 time a day.,"Based on the number of doses per day and the quantity of different doses, what is the patient's daily Morphine Miligram Equivalents (MME)? You should use the conversions from the CDC Clinical Practice Guideline for Prescribing Opioids for Pain — United States, 2022.",Morphine Milligram Equivalents (MME) Calculator,dosage,decimal,149.0,141.55,156.45,"{'Methadone Dose': [10, 'mg'], 'Methadone Dose Per Day': [3, 'per day'], 'Tapentadol Dose': [20, 'mg'], 'Tapentadol Dose Per Day': [1, 'per day']}","The Opioid Conversion Table with MME (Morphine Milligram Equivalent) conversion factors based on the CDC Clinical Practice Guideline for Prescribing Opioids for Pain — United States, 2022 are listed below:

1. Codeine: MME conversion factor = 0.15
2. FentaNYL buccal: MME conversion factor = 0.13
3. HYDROcodone: MME conversion factor = 1
4. HYDROmorphone: MME conversion factor = 5
5. Methadone: MME conversion factor = 4.7
6. Morphine: MME conversion factor = 1
7. OxyCODONE: MME conversion factor = 1.5
8. OxyMORphone: MME conversion factor = 3
9. Tapentadol: MME conversion factor = 0.4
10. TraMADol: MME conversion factor = 0.2
11. Buprenorphine: MME conversion factor = 10

The curent Morphine Milligram Equivalents (MME) is 0 MME per day.
The patient's dose of Methadone is 10 mg. The patient takes 3 doses/day of Methadone. This means that the patient takes 10 mg/dose Methadone * 3 dose/day = 30 mg/day. To convert to mme/day of Methadone, multiply the 30 mg/day by the mme conversion factor, 4.7 mme/mg, giving us 141.0 mme/day. Adding the mme/day of Methadone to the total mme/day gives us 0 + 141.0 = 141.0 mme/day.
The patient's dose of Tapentadol is 20 mg. The patient takes 1 doses/day of Tapentadol. This means that the patient takes 20 mg/dose Tapentadol * 1 dose/day = 20 mg/day. To convert to mme/day of Tapentadol, multiply the 20 mg/day by the mme conversion factor, 0.4 mme/mg, giving us 8.0 mme/day. Adding the mme/day of Tapentadol to the total mme/day gives us 141.0 + 8.0 = 149.0 mme/day.
The patient's mme/day is 149.0 mme/day."
161,"Our patient was a 47-year-old man who was diagnosed with tetralogy of Fallot 3 months after birth. He had a Waterston operation at 9 months of age and a Blalock–Taussig procedure at 1 year, 10 months of age. At age 10, the patient underwent surgery to ligate the ascending aorta–right pulmonary artery shunt path. He did not undergo intracardiac repair. The main pulmonary artery was completely occluded from the right ventricular outflow tract. The right-to-left shunted blood ejected from the left ventricle through the ventricular septal defect and merged with oxygenated blood via the shunt path from the left subclavian artery to the left pulmonary artery.
Renal function decreased when the patient was 38 years of age. Home oxygen therapy at night was initiated 1 year before the patient presented at our hospital; a β-blocker (carvedilol, 2.5 mg/day) was started 6 months before presentation. The patient did not experience breathing difficulty in his daily life (New York Heart Association Class II) and was able to work. A PD catheter was inserted in April 2015. Renal function gradually decreased and exacerbation of lower leg edema was observed, so PD was started. The patient’s height was 158 cm, his weight was 54 kg, his body temperature was 36.3 °C, his blood pressure was 136/69 mmHg, his pulse rate was 81 beats/min, and his oxygen saturation was 81% in room air.
Laboratory testing was performed on admission. Urinalysis dipstick examination indicated 4+ protein (8 g/g Cr) and was negative for blood. Arterial blood gas analysis showed a pH of 7.278, PaCO2 of 43 mmHg, PaO2 of 52 mmHg, bicarbonate of 19.7 mmol/L, and base excess of − 6.9 mmol/L. Chest X-ray showed a cardiothoracic ratio of 63%, indicating cardiac enlargement. Abdominal ultrasonography showed mild atrophy of the bilateral kidneys, increased cortical brightness, and cysts. Left ventricular findings of cardiac ultrasonography included a left ventricular end-diastolic diameter of 44 mm, left ventricular end-systolic diameter of 28 mm, left ventricular ejection fraction of 71%, septal thickness of 26 mm, and rear wall thickness of 11 mm. The valve findings were mild aortic regurgitation, trivial mitral regurgitation, moderate tricuspid regurgitation, and pulmonary artery closure. The main pulmonary artery was not visible from the right ventricular outflow tract. The ventricular septal defect was 19–22 mm in diameter; there was almost right-to-left shunting across the defect, with only a slight left-to-right shunt. After Waterston operation there was good flow through the shunt from the ascending aorta to the right pulmonary artery. After left Blalock–Taussig shunt operation there was decreased flow velocity from the left subclavian artery to the left pulmonary artery.
In July 2015, PD was started. Serum creatinine (Cr) at the start of PD was 5.5 mg/dl. The fast peritoneal equilibrium test (PET) result was low average. From November 2015 (4 months after the start of PD), B-type natriuretic peptide (BNP) gradually increased, water removal was 200–300 mL/day, and body weight increased. In March 2016 (8 months after starting PD), the PD fluid protocol was changed. In February 2017, the patient developed lower leg edema and his BNP increased to 1300 pg/mL, so treatment was changed to continuous cycling PD. With increased water removal, the edema resolved and BNP rapidly decreased. Changes associated with cyanosis included a hemoglobin level of 18–20 g/dL, indicating polycythemia; the patient also experienced headache. Phlebotomy treatment was performed four times. Because of concerns about iron deficiency resulting from phlebotomy, hemostasis therapy was discontinued, after which the patient’s headache improved (Fig. ).
The serum bicarbonate level at the start of PD in July 2015 was 20 mmol/L. This value increased to 25–30 mmol/L with the change in PD fluid protocol, and venous blood PCO2 increased with the start of PD (Fig. ).
The target SpO2 was adjusted to 70–85%; SpO2 was unchanged after PD. SpO2 decreased with the complication of heart failure, but improved with fluid management. Periodic echocardiography showed that PD initiation had little effect on hemodynamics.
There were no PD-related complications.","Using the Devine formula, what is the patient's ideal body weight? You should use the patient's medical values and health status when they were first admitted to the hospital prior to any treatment.",Ideal Body Weight,physical,decimal,55.07095,52.3174,57.8245,"{'sex': 'Male', 'height': [158.0, 'cm']}","For males, the ideal body weight (IBW) is calculated as follows: IBW = 50 kg + 2.3 kg * (height (in inches) - 60)
For females, the ideal body weight (IBW) is calculated as follows: 45.5 kg + 2.3 kg * (height (in inches) - 60)
The patient's gender is Male.
The patient's height is 158.0 cm, which is 158.0 cm * 0.393701 in/cm = 62.20476 in. 
Plugging in the values for the IBW formula for males gives us 50 kg + 2.3 kg * (62.20476 (in inches) - 60) = 55.07095 kg.
Hence, the patient's IBW is 55.07095 kg."
821,"The patient was a 20-year-old previously healthy woman. She was a university student. Her height and body weight were 168.1 cm and 52.2 kg, respectively. She ingested bamboo salt (about 150 grams ) in a day for the purpose of digestion and weight reduction. After that, she had more than ten episodes of vomiting and diarrhea for 2-3 hours. On arrival at our emergency department, vital signs were blood pressure of 128/81mmHg, heart rate of 75 beat/min, respiration rate of 20/min, and body temperature of 37.3℃. Her consciousness was clear but she complained of generalized weakness. The complete blood counts showed hemoglobin 11.3 g/dL, WBC 10,000 cells/µL, and platelet 196,000/µL. The results of her blood chemistry were as follows: Aspartate transaminase 11 IU/L, Alanine transaminase 9 IU/L, total protein 6.4 g/dL, albumin 4.5 g/dL, blood urea nitrogen 5.2mg/dL, bicarbonate 18.5mEq/L, and creatinine 0.57mg/dL. Serum osmolarity was 348mosm/kg. Serum sodium, potassium and chloride were 174mEql/L, 3.6mEq/L and 135mEq/L respectively. Urine sodium, potassium, chloride and osmolarity were 440mEq/L, 125.7 mEq/L, 314mEq/L and 841mosm/kg, respectively. On arterial blood gas analysis, pH was 7.32, PaCO2 36mmHg, PaO2 93mmHg and O2 saturation 97%. On the 1st day, total input and urine output was 3,700ml and 2,100ml, respectively. Her symptoms such as nausea, vomiting and diarrhea improved rapidly with 0.45% saline infusion and supportive care. On the 2nd day, her serum sodium concentration dropped to 152 mEq/L and urine output was 2,200ml/day. On the 3rd day, serum sodium concentration returned to normal range (). She recovered completely without any sequelae in 3 days.",What is the patient's albumin corrected anion gap in mEq/L? You should use the patient's medical values and health status when they were first admitted to the hospital prior to any treatment.,Albumin Corrected Anion Gap,lab test,decimal,19.25,18.2875,20.2125,"{'Chloride': [135.0, 'mEq/L'], 'Albumin': [4.5, 'g/dL'], 'Bicarbonate': [18.5, 'mEq/L'], 'Sodium': [174.0, 'mEq/L']}","The formula for computing a patient's albumin corrected anion gap is: anion_gap (in mEq/L) + 2.5 * (4 - albumin (in g/dL)).
The formula for computing a patient's anion gap is: sodium (mEq/L) - (chloride (mEq/L)+ bicarbonate (mEq/L)).
The concentration of sodium is 174.0 mEq/L. 
The concentration of chloride is 135.0 mEq/L. 
The concentration of bicarbonate is 18.5 mEq/L. 
Plugging in these values into the anion gap formula gives us 174.0 mEq/L - (135.0 mEq/L + 18.5 mEq/L) = 20.5 mEq/L. Hence, The patient's anion gap is 20.5 mEq/L.The concentration of albumin is 4.5 g/dL. Plugging in these values into the albumin corrected anion gap formula, we get 20.5 (mEq/L) + 2.5 * (4 - 4.5 (in g/dL)) = 19.25 mEq/L. Hence, the patient's albumin corrected anion gap is 19.25 mEq/L."
